GEO_sample	Sample_name	Batch	Platform	Tissue	Slide_ID	Array_ID	Sex	Age_years	Disease_status	Gene	Genome_assembly	Mutation	Protein_change	Mutation_effect	Pathogenic	Other_comments	Gran	CD4T	CD8T	B	Mono	NK	DNAmAge_noob	meanMethBySample_noob	PC1	PC2	PC3	PC4	PC5	PC6	PC7	PC8	PC9	PC10	PC11	PC12	PC13	PC14	PC15	PC16	PC17	delta_ext_int	delta_int
GSM1920405	11D/0326	GSE74432	GPL13534	Whole blood	7796806146	R05C02	Female	9	Sotos	NSD1	hg19	chr5:175,366,008-177,470,488	NA	Long deletion	YES	NA	0.564100423571154	0.173009061269547	0.0426768220135514	0.106790931673311	0.0931300109207909	0.0202927505516458	8.44211102349526	0.280390606685044	-5467.80326517728	24798.4693566433	-7131.69392492507	7613.86772463368	-918.618637807888	-3818.39186802085	-3375.59116464796	-2672.35843735421	-804.499259973453	-6276.82212836856	-1631.86220476524	-2261.67770495811	-975.699397139245	-3114.90995294936	3221.17944703894	1296.95821375437	-1945.26203450915	-2.24657611843677	-1.77464357858314
GSM1920406	11D/0328	GSE74432	GPL13534	Whole blood	7796806146	R06C02	Female	7	Sotos	NSD1	hg19	chr5:175,764,262-177,059,256	NA	Long deletion	YES	NA	0.696776347028602	0.13288707088051	0.0573028244077694	0.0681329580711067	0.0376160162738764	0.00728478333813604	16.4840395959826	0.273035993470719	-929.511256468095	31394.6836577175	-7074.00874105157	5064.28201789027	1463.8620693863	-2662.96611068974	-2767.88387492923	934.476481874137	-2449.17346473625	-5050.2266615197	-2321.39875653232	-3396.47547180923	-2540.45817089209	-3142.19322374148	1092.40454969697	1696.25021194619	-708.220310449131	7.50652916355084	7.82537081278415
GSM1920407	11D/6637	GSE74432	GPL13534	Whole blood	7796806156	R03C01	Male	10	Sotos	NSD1	hg19	Exons 15-19 deletion	NA	Exonic deletion	YES	NA	0.766042697598686	0.0623215306112769	0.0248278617792767	0.065118156291912	0.0806587590523156	0.00103099466653301	26.7024229589256	0.26852664981874	-8376.32193179136	21105.8149552557	-4036.54776903844	7163.31168314221	4099.59586587682	-1818.29401925627	-2678.61572085577	-1605.5003837534	4233.08304911737	-2146.92898700064	-935.670550714939	-667.868048627454	-1005.13100669107	-2026.59158343563	2120.07429734472	2639.4972989709	51.7445433964932	13.7868550175194	13.7389350497472
GSM1920408	11D/6718	GSE74432	GPL13534	Whole blood	7796806156	R02C01	Female	10	Sotos	NSD1	hg19	c.1716delC	p.Cys573Valfs*26	Frameshift	YES	NA	0.215349316795387	0.179784992875138	0.195177111904389	0.268743506991689	0.0393401027915719	0.101604968641826	14.5912187491576	0.282569266615185	-15654.07732598	15772.5069560841	-3455.81552683417	4334.38140778845	632.248447265664	-1441.1710734643	-2867.95516027169	-101.879492262572	-2627.78325997536	-2524.70231316185	-1209.52423771998	-1343.27630126114	182.654196477707	-828.263849545629	1565.15374143341	1459.42506029848	-605.126776802078	2.3267022200894	3.20253105547589
GSM1920409	A1208	GSE74432	GPL13534	Whole blood	8942297063	R02C02	Female	3.5	Sotos	NSD1	hg19	c.6454C>T	p.Arg2152*	Nonsense	YES	NA	0.384225931588112	0.282688270113329	0.147575160475055	0.149892522912692	0.0356181149108112	3.46944695195361e-18	9.37183433573742	0.278805814369936	-25375.8262153456	17631.0436518746	7518.70178433449	6207.85820257741	1743.524534157	-2443.35065958078	-509.177829304177	3258.49122049274	-3634.25541604809	-2556.90309404195	-1022.01820095497	1177.73169007536	2204.03297797069	-4698.0934179235	1327.89800483723	-1308.76633796485	-177.220580206751	4.82439750835164	5.69433891956083
GSM1920410	DL117330	GSE74432	GPL13534	Whole blood	8221924024	R05C01	Female	13.2	Sotos	NSD1	hg19	c.5445C>G	p.Tyr1815*	Nonsense	YES	NA	0.608787472873581	0.170304060878415	0.027675791859096	0.0873684158534384	0.0769782422002983	0.0288860163351718	22.6726434766284	0.265790125014171	14143.6928225543	22134.568342952	7075.48693284378	11160.5361839249	669.882821552221	-3913.26571189861	736.380685942576	5038.75800945113	-4165.3963811629	-5750.60763158178	-1687.11832869905	-717.948289375532	-375.389786276604	-5553.26800864406	320.967684647754	1199.50453767564	-609.615048177129	6.81531237095458	7.16395783961062
GSM1920411	DL122057	GSE74432	GPL13534	Whole blood	7497398001	R04C02	Male	3	Sotos	NSD1	hg19	c.4843delT	p.Tyr1615Thrfs*27	Frameshift	YES	NA	0.206837292210445	0.384238198448032	0.0887757166639514	0.257248654610135	0.0364096696059278	0.0264904684615083	7.03906816183801	0.268823354561608	-28113.8997884403	-16651.9713592622	23306.3898776773	5229.31536202998	-6843.63777988313	-2939.12835960429	2780.76556410226	-183.988437651517	3579.94645335798	-3116.24114321283	5489.36089577363	-2038.15449193026	-4957.72773079955	-6581.09002438264	-2291.89884987274	-7.75099134840309	-138.082345095781	-0.985957961831851	2.59641485923641
GSM1920412	DL151889	GSE74432	GPL13534	Whole blood	8221924024	R01C01	Male	2.2	Sotos	NSD1	hg19	NA	NA	Microdeletion	YES	microdeletion of distal 5q35.2	0.506966993525104	0.148311501033753	0.0824862692341395	0.168790361111335	0.0520538425106354	0.0413910325850324	15.1797237961719	0.259652310795252	-19021.8891275221	7296.4320532311	17088.729013774	4636.72765950053	-1620.19890618133	-3656.4372338852	3852.43208944835	4692.62610903655	3640.67970380491	-5287.88122196835	2532.5205522064	-289.944105732236	-1328.45652110699	-3617.9483634685	893.107537909864	2293.4889330215	-747.617706202702	8.29009703617238	9.22078783562138
GSM1920413	DL159249	GSE74432	GPL13534	Whole blood	8221924015	R05C02	Female	12	Sotos	NSD1	hg19	c.6349C>T	p.Arg2117*	Nonsense	YES	NA	0.516065247986307	0.19688037758062	0.0988648710444976	0.11049160115813	0.0563103125659964	0.0213875896644492	26.9093015955929	0.271681915313824	29575.9877185953	19263.1286076738	-1137.17737872541	13629.2088495771	-14.141947427302	-4582.81794578903	3635.55240076324	1454.95399689759	-4622.82799132732	-4006.92359663936	-2305.79046099981	-2496.93678004558	-2146.95759495554	-5065.69695124707	-249.381707402134	1565.96083873009	-1279.61167787146	11.8631537569495	12.3568745538011
GSM1920414	DL168744	GSE74432	GPL13534	Whole blood	8221924024	R06C01	Male	2.2	Sotos	NSD1	hg19	c.1492C>T	p.Arg498*	Nonsense	YES	NA	0.447085598318628	0.208204875614479	0.0567943370169909	0.170773415244879	0.117141773805024	0	8.39958707131862	0.270435459928441	25088.7412576877	25669.3478035451	5562.74607964909	11356.5572162981	5142.87193671761	-3391.96380879562	3513.85129788697	6217.38556150456	3593.17917754681	-2875.82354911655	-431.021338405029	51.5949332698636	-2736.61624035365	-5484.46124783106	1327.3546848822	4014.77738927564	-384.526559913625	1.38019566851378	2.69697638141962
GSM1920415	DL179067	GSE74432	GPL13534	Whole blood	7796806156	R01C01	Male	18	Sotos	NSD1	hg19	c.6454C>T	p.Arg2152*	Nonsense	YES	NA	0.566020782564444	0.153641613674809	0.113042574678356	0.0683174665126156	0.0359756490366098	0.0630019135331654	32.2385349815577	0.279808064213051	-30964.6541305212	10756.5905539623	5981.72570896731	8365.04429076191	2171.14627312446	-1496.34475940271	-1349.38632680979	660.471382891408	2902.68477592569	-3112.49997793181	1320.73798773303	500.421899456634	-1482.00274165515	-2782.72786795229	911.307099032566	3210.31780439801	-305.572916702847	10.6214533994699	10.6191782670859
GSM1920416	DL38402	GSE74432	GPL13534	Whole blood	8221924024	R04C01	Male	19.7	Sotos	NSD1	hg19	c.1583delA	p.Lys528Argfs*8	Frameshift	YES	NA	0.630929211726529	0.148287357681033	0.0132701590407991	0.121685478382287	0.0732405671627116	0.0125872260066396	27.2553148405492	0.266783543215717	9044.44001178378	16315.2078732537	10134.9558962939	10332.0730394616	3360.48959714383	-2456.66032172193	3068.73193392179	3421.77977683559	3940.4627560102	-4152.68520452589	826.710855808553	-223.066901900033	-2905.56036562366	-5031.59470626849	1627.92929243665	2374.57768823136	-42.0949397776672	4.03024716731013	5.17611592934348
GSM1920417	DL50448	GSE74432	GPL13534	Whole blood	8221924024	R01C02	Male	8	Sotos	NSD1	hg19	c.2014_2018delACAGA	p.Thr672Glufs*9	Frameshift	YES	NA	0.556499683817414	0.166359463606738	0.0215632916112919	0.12131849539622	0.0597079499493654	0.0745511156189704	26.4658542258111	0.262225527078631	-21381.8878356513	3511.8287524112	16328.6863617468	8543.09035542524	-743.311317382316	-3059.16007507757	3098.06090968913	3546.42337951159	4357.29239554198	-6868.13836178024	2224.11141295861	-0.51870688642887	-1153.40241207298	-3768.07622439912	376.691089129393	2254.36842362967	-573.260177130435	14.1938402866438	15.1288595045528
GSM1920418	DL50450	GSE74432	GPL13534	Whole blood	8221924024	R02C02	Male	41	Sotos	NSD1	hg19	c.2014_2018delACAGA	p.Thr672Glufs*9	Frameshift	YES	NA	0.642664306274422	0.165251372221229	0.00524710192617739	0.0609877206731173	0.0762177995891526	0.0454660472603492	67.3644217756363	0.261685937662342	-9042.55039131173	6606.63841252085	13512.0678539603	5887.03262100658	-582.199804098108	-3453.91169161069	4183.79352426689	2064.12640295037	3339.62363732138	-4235.61166710843	1956.42100865271	-245.800676305345	-1293.46271856532	-4088.13729052642	1139.72896516288	2587.09263973859	-1143.80081939987	24.0158317512671	24.5318806275785
GSM1920419	DL50452	GSE74432	GPL13534	Whole blood	8221924024	R02C01	Female	2	Sotos	NSD1	hg19	c.2014_2018delACAGA	p.Thr672Glufs*9	Frameshift	YES	NA	0.500867940924249	0.18294234733331	0.0245882175051404	0.212663009914574	0.0340747679830475	0.0448637163396789	11.3449598472881	0.271578069080362	-7017.70654677093	8277.44985156303	13901.2087580692	9858.59429904554	-2051.79575462297	-4045.56333679482	415.830395703007	2739.655524896	-1766.63676073851	-6983.05262847719	-110.095853531031	-225.416706395591	-964.647807562328	-4484.47659532197	18.5310932661755	1796.15553052718	-346.729564239587	5.4502505697223	7.463462259279
GSM1920420	DL76010	GSE74432	GPL13534	Whole blood	9376525060	R02C02	Female	1.6	Sotos	NSD1	hg19	c.1810C>T	p.Arg604*	Nonsense	YES	NA	0.329586480440516	0.259809547300369	0.0709186846272697	0.256078508502048	0.0625997396379944	0.0210070394918025	6.24714849992114	0.270177887338172	-32760.8417424796	16781.278219267	12315.4884922085	7208.57733939781	1049.41663132128	-3718.13821668719	121.745357688556	590.055158929683	-2922.00396547099	-2431.22988957308	-1668.20355948678	-480.953448300084	794.602808878389	-2520.83716230337	131.012789380151	-786.920660545211	-577.606936768532	3.12962483690552	5.42500353663749
GSM1920422	DL89813	GSE74432	GPL13534	Whole blood	8221924024	R03C01	Male	10.6	Sotos	NSD1	hg19	c.1801A>T	p.Lys601*	Nonsense	YES	NA	0.403480374236199	0.0991087007379116	0.188787604534611	0.095407114053586	0.0841382506357024	0.12907795580199	30.8267058673356	0.266425069072493	7668.89023488244	13481.6353348114	8472.78562726096	11800.9654136804	2790.97801911617	-3674.05985025286	3415.88937908783	3186.55185499637	3829.58050050256	-4818.96169144494	640.911022860073	67.2758334468917	-1554.31118199023	-4501.49697078545	854.739413278678	2961.8587504708	58.1596561522166	15.9042702787766	14.2484884439286
GSM1920423	DL94609	GSE74432	GPL13534	Whole blood	8221924015	R04C02	Male	20	Sotos	NSD1	hg19	c.4977_4978insG	p.Arg1660Alafs*13	Frameshift	YES	NA	0.587056493200823	0.142295504568464	0.0617818228384396	0.070104015112845	0.0807539687900477	0.0570645340288339	41.3829645244079	0.267854853475701	26203.3271890896	14482.313996149	548.275739154361	14482.4776035282	2712.46609092522	-4350.21041498689	4492.79728402816	894.986420599931	4725.97837342186	-3403.36561997946	-533.446645849251	-289.571766292205	-2922.14734445649	-4830.87612413089	307.408629357292	4106.16153649674	252.780999666042	17.2436431790761	17.2821590388022
GSM1920454	DL208122	GSE74432	GPL13534	Whole blood	8942297082	R01C02	Male	2	Sotos	NSD1	hg19	c.6437G>C	p.Cys2146Ser	Missense	YES_predicted	NA	0.380916680398697	0.251798377599022	0.117137793835892	0.217011345172305	0.0331358029940833	0	9.83036952980333	0.270868794543869	-33529.9577634367	12407.1251448645	10633.2307152051	8436.91324259186	2437.43283090829	-2498.73960057539	2091.94452533383	2138.79778457877	2840.43582587457	-3196.79723451846	971.731955206173	465.980038151567	436.831453627956	-3659.59065319929	-42.5129933861693	831.202035648884	-657.899467732013	4.83205755235584	6.82445400639257
GSM1920456	DL199861	GSE74432	GPL13534	Whole blood	8942297082	R05C01	Male	7	Sotos	NSD1	hg19	c.6412T>C	p.Cys2138Arg	Missense	YES_predicted	NA	0.403448190724899	0.138076987118862	0.168768505697727	0.149015461044012	0.0332958214449556	0.107395033969545	29.078867300573	0.273330281718586	-4521.93410877492	30269.1871653689	-4080.96905880129	12623.7286395477	8304.31499775842	-3974.24839709775	1611.37937531396	352.480439325854	2661.68159990687	-711.191513901004	-1121.51817376222	456.210050204292	196.427912098589	-4049.43497757396	1762.60357086615	687.687756013883	-437.146424762483	20.0667384956976	19.5964231465012
GSM1920447	A123W	GSE74432	GPL13534	Whole blood	8221916168	R03C02	Male	30	Weaver	EZH2	hg19	c.457_459delTAT	p.Tyr153del	In-frame deletion	YES	NA	0.468074271768602	0.321390495369556	0.0656409034227037	0.064935880067976	0.0485568006108054	0.031401648760357	40.6786865003046	0.28710684333283	439.900748410823	12635.4020338201	10634.6888806858	5263.96239907904	88.4226862405842	-2827.26712422498	4724.7075402889	1162.32886120941	2369.00957800775	-1581.03530989188	678.931927479579	-1090.28444390622	-784.988398281818	-4710.99231609558	1490.91740512989	3078.09624207365	-1681.99209973773	8.19693605584291	9.6925954146576
GSM1920448	A134W	GSE74432	GPL13534	Whole blood	8221916168	R04C02	Female	10.9167	Weaver	EZH2	hg19	c.2080C>T	p.His694Tyr	Missense	YES	NA	0.494510332946155	0.205242506159573	0.18124686608821	0.058028416204534	0.0609718786015281	0	17.2862693143768	0.286693818211776	8279.27686471226	12822.2234699599	8785.51569817367	10517.0122743985	-1611.7449200714	-3872.2911748095	1034.93270634665	1853.57756858402	-3359.84102081965	-5825.53777525632	-923.180462446069	-1740.26969733604	-697.089624704341	-4834.72227438452	544.167414782124	2147.06911088161	-1296.75169410168	3.08582234757742	2.5242147141293
GSM1920449	A1359	GSE74432	GPL13534	Whole blood	8942297115	R03C01	Male	2.5833	Weaver	EZH2	hg19	c.2050C>T	p.Arg684Cys	Missense	YES	NA	0.245514429127455	0.298583364631602	0.172653705082526	0.260409997290822	0.0228385038675949	0	2.61110364328212	0.298167917079192	-22866.9422492633	15803.2523397803	4252.05796009287	14737.113609826	5161.20961131514	-3915.07872234304	1986.92284014313	1998.72899536977	2253.4451581402	-832.195853177105	104.246131376373	2411.57565236622	684.27224079324	-6391.01962662706	1594.49821345677	-176.306971890485	39.3845262229205	-2.24652393125148	-0.164035443921905
GSM1920450	A212	GSE74432	GPL13534	Whole blood	3999834026	R06C02	Female	17	Weaver	EZH2	hg19	c.398A>G	p.Tyr133Cys	Missense	YES	NA	0.412461143784646	0.239012652930533	0.117018908271527	0.103259685127846	0.0610796125524869	0.0671679973329604	7.87060863439575	0.281635838522714	-44614.8978284926	2767.37381857045	-20322.9260274739	1525.99300305549	4302.20971351882	-4072.4393208315	-3166.48702833423	-1151.51689431363	-4529.13072327588	992.631991355721	-1055.80401169742	859.759532987821	-2973.6068191485	-673.172882792402	492.718423568497	-2007.88304569424	-758.542479507396	-8.81397570587266	-8.63362637332543
GSM1920451	F0123	GSE74432	GPL13534	Whole blood	8942297063	R01C01	Male	15.4167	Weaver	EZH2	hg19	c.553G>C	p.Asp185His	Missense	YES	NA	0.532232254440449	0.198002367609282	0.0880896077872773	0.0509074490827138	0.0796979903008732	0.0510703307794048	18.0400358385842	0.285239804063343	-35007.3872700169	15288.283912193	16025.9488538589	4192.45338002479	3521.40077577813	-1806.59024600907	3114.06217730582	3696.05701200193	-0.856678564319717	929.998802335531	1422.7226202705	-588.270877705114	848.520028191205	-1448.22506011834	-304.631565801709	1136.52189670388	-1279.72950604118	-0.277046824640269	-0.385865272482928
GSM1920452	A117	GSE74432	GPL13534	Whole blood	8221924015	R05C01	Female	19.75	Weaver	EZH2	hg19	c.394C>T	p.Pro132Ser	Missense	YES	NA	0.560372726518256	0.189612970294778	0.0888787755636275	0.0625474067136907	0.0467410199016443	0.0518471010080036	21.094592509548	0.290242794784977	19741.5372418199	19252.8088926128	5582.44997250661	11401.1130940913	203.34179717315	-4590.63894739076	2776.20537479823	3593.44550633098	-4342.185105238	-4493.08085624527	-1817.56989745746	-2178.92218656307	-2236.49896929713	-4361.44925096014	447.710326480002	1525.86261196436	-735.883303360798	-1.42905058036228	-1.32591609253959
GSM1920453	DL129940	GSE74432	GPL13534	Whole blood	9647450117	R01C02	Male	43	Weaver	EZH2	hg19	c.1876G>A	p.Val626Met	Missense	YES	NA	0.580801873936614	0.245533994349586	0.0405482395571713	0.0848120589215351	0.0483038332350931	0	42.3772108478745	0.277192871064602	-64653.6371463139	128.303261367439	2587.04082763358	3356.19957960804	961.478068646973	-1803.28051370868	-85.685065425407	242.753646295937	944.856511197658	-898.999125197958	1247.58632469218	1380.07718770335	-1941.64704045614	-716.453352402574	205.83625869686	765.49229911095	690.782005299933	-1.60021358323561	0.0920779781758867
